{
  "generator-jhipster": {
    "applicationType": "microservice",
    "authenticationType": "jwt",
    "baseName": "rs",
    "blueprints": [],
    "buildTool": "gradle",
    "cacheProvider": "ehcache",
    "clientFramework": "angular",
    "clientPackageManager": "npm",
    "creationTimestamp": 1700828928221,
    "databaseType": "sql",
    "devDatabaseType": "postgresql",
    "devServerPort": 4200,
    "enableHibernateCache": true,
    "enableSwaggerCodegen": "true",
    "enableTranslation": true,
    "entities": [],
    "gitCompany": "",
    "jhiPrefix": "jhi",
    "jhipsterVersion": "8.0.0",
    "jwtSecretKey": "OWI3YThlMTc1ZWEzNjIzZDljODVmNzgxMWM2ZTNlNmMyZDFiMWRiMGI1NjgzM2IyMzViMzdlYmFiY2NjMDg0NWE0OTBjNDE0MjkwZWI4N2M0OWI0NTI5NWI1ZjI0ZGI2OGZhZmNlZjAxZWQ3YWI5ZGM4NjQwNjhmZjkzNWE2NWE=",
    "languages": ["en", "fr"],
    "messageBroker": false,
    "nativeLanguage": "en",
    "packageFolder": "com/rs/rs1",
    "packageName": "com.rs.rs1",
    "prodDatabaseType": "postgresql",
    "searchEngine": false,
    "serverPort": 8081,
    "serviceDiscoveryType": "consul",
    "skipUserManagement": true,
    "testFrameworks": ["cucumber"],
    "useSass": true,
    "websocket": "no",
    "withAdminUi": true
  }
}
